,A,R,N,D,C,Q,E,G,H,I,L,K,M,F,P,S,T,W,Y,V
0,0,0,0,1,0,0,0,0,0,0,0,0,198,0,0,0,0,0,0,0
1,0,181,0,0,0,1,0,0,0,3,0,12,0,0,0,0,3,0,0,0
2,5,0,0,0,0,0,0,0,0,0,0,0,0,0,0,0,0,0,0,195
3,0,111,0,0,0,0,1,0,0,0,0,18,60,0,0,0,10,0,0,0
4,0,0,0,0,0,0,18,181,0,0,0,0,0,0,0,0,0,0,0,1
5,1,2,0,0,0,0,0,0,0,144,0,1,25,0,0,1,25,0,0,1
6,0,10,0,0,0,64,0,0,0,0,80,4,6,0,18,9,1,8,0,0
7,0,178,1,0,0,0,0,0,0,0,0,21,0,0,0,0,0,0,0,0
8,0,0,182,0,0,0,0,0,0,2,0,1,0,0,0,14,0,0,1,0
9,0,0,0,0,56,0,0,0,0,0,0,0,0,0,0,0,0,92,52,0
10,1,4,0,0,0,113,0,0,0,0,9,1,0,0,72,0,0,0,0,0
11,0,11,0,0,0,166,0,0,8,0,4,0,0,0,11,0,0,0,0,0
12,0,2,0,0,0,0,0,1,0,0,2,0,0,0,0,0,0,195,0,0
13,0,0,0,0,0,0,0,0,0,0,0,0,0,0,0,0,0,0,0,0
14,0,1,0,0,0,0,0,3,0,0,3,0,0,0,0,0,0,193,0,0
15,0,1,0,0,0,0,0,0,0,185,0,1,6,0,0,0,7,0,0,0
16,0,0,0,0,0,0,0,0,0,0,0,0,0,0,0,0,0,1,0,0
17,0,0,0,0,0,0,0,1,0,0,0,0,0,0,0,0,0,0,0,0
18,0,0,0,0,0,0,0,0,0,0,0,0,0,0,0,0,0,1,0,0
19,0,0,0,0,0,0,0,0,0,0,0,0,0,0,0,0,0,1,0,0
20,0,0,0,0,0,0,0,0,0,1,0,0,0,0,0,0,0,0,0,0
21,0,0,0,0,0,0,0,1,0,0,1,0,0,0,0,0,0,198,0,0
22,1,0,1,0,0,0,0,172,0,0,0,0,0,0,0,23,0,0,0,3
23,0,0,1,0,0,0,0,0,0,181,0,0,2,0,0,8,4,0,0,4
24,0,0,0,0,0,0,0,0,0,0,200,0,0,0,0,0,0,0,0,0
25,1,0,0,0,0,0,0,199,0,0,0,0,0,0,0,0,0,0,0,0
26,0,0,0,0,0,0,0,0,0,0,0,0,0,0,0,0,0,0,0,0
27,0,0,0,0,0,0,0,0,0,0,10,0,0,189,0,1,0,0,0,0
28,0,0,0,0,1,0,0,0,0,0,5,0,0,0,0,0,0,191,1,0
29,0,0,0,0,0,0,0,0,0,16,5,0,153,0,0,0,2,0,0,4
30,1,0,0,0,0,0,0,0,0,40,115,0,2,6,0,0,1,0,0,14
31,0,0,0,0,0,0,0,0,0,52,17,0,125,0,0,0,1,0,0,0
32,0,0,8,0,0,0,0,2,0,139,1,1,19,1,0,8,11,0,0,7
33,0,0,1,0,148,0,0,5,1,0,0,0,0,0,0,6,0,0,39,0
34,0,37,100,0,0,0,0,2,0,0,1,7,0,0,0,53,0,0,0,0
35,4,1,0,0,0,0,2,48,0,0,0,1,4,0,0,0,3,0,0,130
36,7,7,5,0,0,1,7,27,0,2,10,4,38,0,0,1,4,5,0,66
37,0,2,0,0,0,0,21,152,0,0,1,6,0,0,0,0,1,0,0,5
38,0,0,5,1,0,2,3,6,0,0,0,0,0,0,0,0,0,0,0,0
39,0,0,0,0,0,0,0,0,0,0,0,0,0,0,0,0,0,0,0,0
40,0,0,0,0,0,0,0,0,0,0,0,0,0,0,0,0,0,0,0,0
41,0,0,0,0,0,0,0,0,0,0,0,0,0,0,0,0,0,0,0,0
42,0,0,0,0,0,0,0,0,0,0,1,0,0,0,0,0,0,0,0,0
43,0,3,2,1,0,0,0,1,0,0,2,1,0,0,0,0,0,0,0,0
44,0,1,154,11,0,3,2,2,0,0,0,10,0,0,0,11,0,0,0,0
45,0,5,0,0,0,0,0,0,0,0,169,1,14,0,0,9,0,1,0,0
46,0,0,0,0,0,0,0,0,0,0,0,0,0,0,0,0,0,200,0,0
47,0,0,0,0,0,0,0,0,0,0,0,0,0,0,0,0,0,0,0,200
48,0,0,0,0,0,0,0,0,0,0,0,0,0,0,0,0,200,0,0,0
49,0,0,0,0,0,0,0,0,0,4,0,0,0,0,0,0,0,0,0,196
50,0,0,0,0,0,0,0,0,3,0,0,0,0,0,0,0,0,0,197,0
51,0,0,0,0,0,0,0,0,0,0,0,0,0,0,0,0,0,0,200,0
52,0,0,0,0,0,0,0,200,0,0,0,0,0,0,0,0,0,0,0,0
53,0,0,0,0,0,0,0,0,0,0,0,0,0,0,0,0,0,0,0,200
54,0,0,0,0,0,0,0,0,0,0,0,0,0,0,200,0,0,0,0,0
55,0,0,0,0,0,0,0,0,0,0,0,0,0,0,0,0,0,0,0,200
56,0,0,0,0,0,0,0,0,0,0,0,0,0,0,0,0,0,200,0,0
57,0,59,0,0,0,3,1,0,0,0,0,125,0,0,0,0,12,0,0,0
58,0,0,0,10,0,0,190,0,0,0,0,0,0,0,0,0,0,0,0,0
59,200,0,0,0,0,0,0,0,0,0,0,0,0,0,0,0,0,0,0,0
60,0,1,1,0,0,0,1,0,0,0,0,196,0,0,0,0,1,0,0,0
61,23,0,0,0,0,0,0,0,0,0,0,0,0,0,0,0,177,0,0,0
62,0,0,0,0,0,0,0,0,0,0,0,0,0,0,1,0,199,0,0,0
63,0,0,0,0,0,0,0,0,0,0,200,0,0,0,0,0,0,0,0,0
64,0,0,0,0,0,0,0,0,0,0,0,0,0,200,0,0,0,0,0,0
65,0,0,0,0,200,0,0,0,0,0,0,0,0,0,0,0,0,0,0,0
66,200,0,0,0,0,0,0,0,0,0,0,0,0,0,0,0,0,0,0,0
67,0,0,0,0,0,0,0,0,0,0,0,0,0,0,0,200,0,0,0,0
68,0,0,5,192,0,0,1,1,0,0,0,0,0,0,0,1,0,0,0,0
69,199,0,0,0,0,0,0,0,0,0,0,0,0,0,0,1,0,0,0,0
70,0,8,0,0,0,0,0,0,0,0,0,192,0,0,0,0,0,0,0,0
71,178,0,0,0,0,0,0,16,0,0,0,0,0,0,0,3,1,0,0,2
72,0,0,0,0,0,1,0,0,4,1,1,0,0,1,0,0,0,0,192,0
73,0,0,0,29,0,0,161,0,0,0,0,2,0,0,0,4,0,0,0,4
74,1,72,0,0,0,3,3,0,0,0,0,105,0,0,2,1,13,0,0,0
75,0,0,0,0,0,0,200,0,0,0,0,0,0,0,0,0,0,0,0,0
76,12,0,0,0,0,0,0,0,0,0,0,0,5,0,0,0,0,0,0,183
77,0,0,0,0,0,0,0,0,200,0,0,0,0,0,0,0,0,0,0,0
78,0,0,199,0,0,0,0,0,0,0,0,0,0,0,0,1,0,0,0,0
79,0,0,0,0,0,0,0,0,0,24,0,0,0,0,0,0,0,0,0,176
80,0,0,0,0,0,0,0,0,0,0,0,0,0,0,0,0,0,200,0,0
81,199,0,0,0,0,0,0,0,0,0,0,0,0,0,0,0,0,0,0,1
82,0,0,0,0,0,0,0,0,0,0,0,0,0,0,0,0,200,0,0,0
83,0,1,0,0,0,0,0,0,196,0,0,0,0,0,0,0,0,0,3,0
84,200,0,0,0,0,0,0,0,0,0,0,0,0,0,0,0,0,0,0,0
85,0,0,0,0,200,0,0,0,0,0,0,0,0,0,0,0,0,0,0,0
86,0,0,0,0,0,0,0,0,0,0,0,0,0,0,0,0,0,0,0,200
87,0,0,0,0,0,0,0,0,0,0,0,0,0,0,200,0,0,0,0,0
88,0,0,0,0,0,0,0,0,0,0,0,0,0,0,0,0,200,0,0,0
89,0,0,1,198,0,0,1,0,0,0,0,0,0,0,0,0,0,0,0,0
90,0,0,0,0,0,0,0,0,0,0,0,0,0,0,200,0,0,0,0,0
91,1,0,157,20,0,0,0,0,0,0,0,2,0,0,0,20,0,0,0,0
92,0,0,0,0,0,0,0,0,0,0,0,0,0,0,200,0,0,0,0,0
93,0,3,0,0,0,189,0,0,3,0,3,1,0,0,0,0,0,0,0,1
94,0,0,0,0,0,0,200,0,0,0,0,0,0,0,0,0,0,0,0,0
95,0,1,0,0,0,1,1,0,0,70,44,0,74,0,0,0,0,0,0,9
96,4,3,4,4,0,0,11,0,0,9,2,4,0,18,4,1,0,0,2,134
97,0,0,0,0,0,0,0,0,0,2,185,0,11,0,0,0,0,0,0,2
98,4,1,1,3,0,1,108,40,0,1,0,19,0,0,6,0,2,0,0,9
99,0,0,0,0,0,0,0,1,0,0,0,0,0,0,0,0,0,0,0,0
100,0,0,0,0,0,0,0,0,0,0,0,0,0,0,0,0,1,0,0,0
101,0,0,0,0,0,0,0,0,0,0,0,2,0,0,0,0,0,0,0,0
102,0,0,200,0,0,0,0,0,0,0,0,0,0,0,0,0,0,0,0,0
103,0,0,0,0,0,0,0,0,0,4,1,0,0,1,0,0,0,0,0,194
104,0,0,0,0,0,0,0,0,0,1,0,0,0,0,0,0,199,0,0,0
105,0,0,0,0,0,0,200,0,0,0,0,0,0,0,0,0,0,0,0,0
106,0,0,190,1,0,0,0,0,1,0,0,1,0,0,0,2,2,0,3,0
107,0,0,0,0,0,0,0,0,0,0,0,0,0,200,0,0,0,0,0,0
108,0,0,192,5,0,0,0,0,0,0,0,0,0,0,0,0,0,0,0,0
109,0,2,0,0,0,0,0,0,0,1,0,0,197,0,0,0,0,0,0,0
110,0,0,0,0,0,0,0,0,0,0,0,0,0,0,0,0,0,200,0,0
111,0,1,0,1,0,0,24,0,0,0,0,173,0,0,0,0,1,0,0,0
112,0,0,199,0,0,0,0,0,0,0,0,0,0,0,0,1,0,0,0,0
113,0,0,5,188,0,0,0,2,1,0,0,0,0,0,0,1,0,0,3,0
114,0,0,0,0,0,0,0,0,0,0,0,0,200,0,0,0,0,0,0,0
115,8,0,0,0,0,0,0,0,0,0,0,0,0,0,0,0,0,0,0,192
116,0,0,5,181,0,0,14,0,0,0,0,0,0,0,0,0,0,0,0,0
117,0,0,0,0,0,200,0,0,0,0,0,0,0,0,0,0,0,0,0,0
118,0,0,0,0,0,0,0,0,0,0,0,0,200,0,0,0,0,0,0,0
119,0,0,0,0,0,3,0,0,197,0,0,0,0,0,0,0,0,0,0,0
120,0,0,0,1,0,4,192,0,0,0,0,3,0,0,0,0,0,0,0,0
121,0,0,3,197,0,0,0,0,0,0,0,0,0,0,0,0,0,0,0,0
122,0,0,0,0,0,0,0,0,0,179,0,0,0,0,0,0,0,0,0,21
123,0,0,0,0,0,0,0,0,0,198,0,0,0,0,0,0,1,0,0,1
124,0,0,6,1,0,0,0,0,0,0,0,0,0,0,0,193,0,0,0,0
125,0,0,0,0,0,0,0,0,0,8,192,0,0,0,0,0,0,0,0,0
126,0,0,0,0,0,0,0,0,0,0,0,0,0,0,0,0,0,200,0,0
127,0,0,0,194,0,0,5,0,0,0,0,0,0,0,0,1,0,0,0,0
128,0,0,0,0,0,169,30,0,1,0,0,0,0,0,0,0,0,0,0,0
129,0,0,0,0,0,0,0,0,0,0,0,0,0,1,0,199,0,0,0,0
130,0,0,0,0,0,0,0,0,0,2,198,0,0,0,0,0,0,0,0,0
131,0,0,0,0,0,3,0,0,0,0,0,194,0,0,0,0,3,0,0,0
132,0,0,0,0,0,0,0,0,0,0,0,0,0,0,199,1,0,0,0,0
133,0,0,0,0,200,0,0,0,0,0,0,0,0,0,0,0,0,0,0,0
134,0,0,0,0,0,0,0,0,0,2,0,0,0,0,0,0,0,0,0,198
135,0,4,0,0,0,1,1,0,0,0,0,194,0,0,0,0,0,0,0,0
136,0,0,0,0,0,0,0,0,0,0,194,0,6,0,0,0,0,0,0,0
137,0,0,0,0,0,0,0,0,0,0,0,0,0,0,0,0,200,0,0,0
138,0,0,0,0,0,0,0,0,0,0,0,0,0,0,200,0,0,0,0,0
139,0,0,0,0,0,0,0,0,0,1,199,0,0,0,0,0,0,0,0,0
140,0,0,0,0,200,0,0,0,0,0,0,0,0,0,0,0,0,0,0,0
141,0,0,0,0,0,0,0,0,0,2,0,0,0,0,0,0,0,0,0,198
142,0,0,0,0,0,0,0,0,0,3,0,0,0,0,0,0,197,0,0,0
143,0,0,0,0,0,0,0,0,0,0,199,0,1,0,0,0,0,0,0,0
144,0,4,128,5,0,2,10,0,9,3,1,16,0,1,0,7,12,0,2,0
145,0,0,0,0,200,0,0,0,0,0,0,0,0,0,0,0,0,0,0,0
146,3,1,5,1,0,1,5,8,0,8,0,6,0,0,0,57,91,0,0,14
147,1,0,127,36,0,0,7,0,3,1,0,8,0,2,0,4,11,0,0,0
148,66,1,12,1,0,0,1,2,0,14,1,2,0,3,2,2,6,0,4,83
149,3,3,75,1,0,0,5,0,0,14,1,14,0,0,3,7,62,0,1,11
150,13,11,28,2,1,1,2,10,2,22,9,8,1,6,1,17,20,0,7,36
151,7,0,59,5,2,0,1,0,4,6,2,7,1,1,1,18,69,0,6,3
152,16,8,45,6,1,5,4,9,4,6,1,7,2,0,1,24,26,0,7,10
153,12,2,43,7,3,2,3,9,1,3,2,3,0,0,1,24,45,0,0,6
154,15,3,46,5,0,2,2,7,1,7,0,4,2,0,0,29,22,0,0,9
155,13,2,24,3,0,2,2,11,0,6,2,2,1,1,0,13,37,0,2,11
156,7,2,28,6,2,0,2,4,0,5,1,2,0,2,0,13,28,0,3,4
157,1,0,19,4,2,0,2,3,2,1,0,2,0,1,1,10,18,0,3,10
158,5,3,12,0,0,0,0,4,0,1,2,0,0,0,0,6,15,0,1,2
159,1,0,8,2,0,0,2,4,0,1,0,1,1,0,0,6,11,0,1,2
160,4,1,3,0,0,0,0,2,0,1,0,0,0,0,0,7,9,0,0,1
161,0,0,6,0,0,1,0,0,0,0,0,1,0,0,1,0,4,0,0,1
162,0,0,1,1,0,0,0,0,0,0,0,0,0,0,0,2,4,0,0,1
163,0,0,1,0,0,0,0,0,0,0,0,0,0,0,0,2,3,0,0,0
164,1,0,2,0,0,1,0,0,0,0,0,0,0,0,0,1,1,0,0,0
165,0,0,0,1,0,0,0,0,0,0,0,0,0,0,0,2,0,0,0,0
166,0,0,1,0,0,0,0,0,0,0,0,0,0,0,0,2,0,0,0,0
167,0,1,1,0,0,0,0,0,0,0,0,0,0,0,0,0,1,0,0,0
168,0,0,0,0,0,0,0,0,0,0,0,0,0,0,0,1,0,0,0,0
169,0,0,0,0,0,0,0,0,0,0,0,0,0,0,0,1,0,0,0,0
170,0,0,0,0,0,1,0,0,0,0,0,0,0,0,0,0,0,0,0,0
171,0,0,0,0,0,0,0,0,0,0,0,0,0,0,0,1,1,0,0,0
172,1,0,0,0,0,0,0,1,0,0,0,0,0,0,0,0,2,0,0,0
173,0,0,6,0,0,0,0,0,0,0,0,0,0,0,0,3,1,0,0,1
174,3,2,7,4,1,0,0,2,0,2,1,0,0,1,0,4,2,0,1,0
175,3,0,9,1,0,1,0,1,0,0,1,1,0,0,1,3,7,0,0,2
176,2,0,1,0,0,0,2,0,0,0,0,1,0,0,1,0,1,0,0,2
177,9,0,17,6,0,0,1,5,0,4,1,0,0,3,0,11,13,0,0,0
178,4,1,32,1,1,0,2,5,0,3,1,2,0,0,3,14,19,0,4,2
179,17,3,23,3,0,0,1,6,1,5,3,5,0,1,2,18,23,0,2,8
180,4,2,34,5,0,0,3,6,1,6,2,0,0,1,3,15,53,1,2,6
181,12,3,11,11,2,1,4,10,3,15,7,1,2,3,3,17,27,0,18,10
182,5,3,53,13,1,1,4,7,2,7,6,4,0,0,1,15,38,1,4,8
183,5,3,45,21,1,1,15,10,3,12,2,9,2,0,4,21,17,0,5,16
184,10,4,42,13,0,3,7,4,1,5,2,11,0,1,1,46,40,0,4,1
185,3,6,16,9,0,1,5,9,1,25,3,5,60,1,2,16,29,0,4,5
186,5,5,24,13,0,6,15,15,2,11,1,35,5,1,0,17,29,3,9,4
187,8,2,14,11,0,6,70,54,0,2,0,8,1,0,1,7,12,0,0,4
188,0,1,1,19,0,4,155,7,0,1,0,2,0,0,0,2,3,0,1,4
189,2,0,0,0,0,0,1,0,0,68,6,0,106,0,0,0,0,0,0,17
190,0,26,0,0,0,13,0,0,0,0,0,151,1,1,0,1,7,0,0,0
191,0,0,193,2,0,0,0,0,1,2,0,0,0,0,0,2,0,0,0,0
192,0,0,0,0,200,0,0,0,0,0,0,0,0,0,0,0,0,0,0,0
193,0,0,0,0,0,0,0,0,0,0,0,0,0,0,0,184,16,0,0,0
194,0,0,0,0,0,0,0,0,0,0,0,0,0,199,0,0,0,0,1,0
195,0,1,185,3,0,0,0,0,0,1,0,4,0,0,0,4,0,0,2,0
196,41,0,0,0,0,0,0,0,0,41,0,0,19,0,0,2,60,0,0,37
197,0,0,4,0,0,1,0,0,1,0,0,0,0,0,2,1,191,0,0,0
198,3,1,0,0,0,0,0,1,0,0,0,0,0,0,0,2,193,0,0,0
199,0,0,0,3,0,0,190,0,0,0,0,0,1,0,0,0,0,0,0,6
200,0,1,0,0,0,0,0,0,0,89,86,0,2,0,0,0,1,0,0,21
201,0,165,1,0,0,0,0,1,0,0,0,27,0,0,0,0,5,1,0,0
202,0,0,2,193,0,0,0,5,0,0,0,0,0,0,0,0,0,0,0,0
203,0,20,0,0,0,0,0,0,0,2,0,177,0,0,0,1,0,0,0,0
204,0,0,0,0,0,0,0,0,0,0,0,0,0,0,0,0,0,0,0,0
205,0,16,6,0,0,8,14,0,0,3,0,137,0,0,0,2,13,0,0,1
206,0,32,0,0,0,66,7,0,12,0,0,77,0,0,0,3,3,0,0,0
207,0,13,20,1,0,30,7,1,1,0,1,122,0,0,1,1,2,0,0,0
208,34,1,0,1,0,9,81,3,0,0,0,3,10,0,0,0,2,0,1,55
209,0,12,11,1,0,3,0,0,20,0,0,0,0,5,0,12,1,0,135,0
210,194,0,0,0,0,0,0,0,0,0,0,0,0,0,0,4,1,0,0,1
211,0,0,1,0,0,0,0,0,0,7,187,0,0,3,0,1,1,0,0,0
212,0,0,0,0,0,0,0,0,0,0,0,0,0,200,0,0,0,0,0,0
213,0,0,3,1,0,0,0,0,4,0,0,0,0,1,0,0,0,0,191,0
214,1,99,3,2,0,0,0,0,0,1,1,79,0,0,0,6,6,0,0,2
215,3,0,0,0,0,1,0,0,0,5,132,0,0,0,31,20,4,0,0,4
216,0,0,0,200,0,0,0,0,0,0,0,0,0,0,0,0,0,0,0,0
217,0,0,0,0,0,0,0,0,0,135,13,0,0,0,0,0,1,0,0,51
218,4,0,0,0,0,1,5,0,0,11,4,1,2,0,0,0,0,0,0,172
219,1,0,1,0,0,14,2,0,0,0,5,4,0,0,158,15,0,0,0,0
220,0,0,0,1,0,0,0,0,0,22,172,0,2,0,0,2,1,0,0,0
221,1,1,76,46,0,3,15,13,1,0,1,20,0,1,0,15,5,0,1,1
222,4,1,45,11,0,1,51,48,1,1,1,19,0,0,2,12,3,0,0,0
223,1,7,70,20,0,6,26,10,0,0,0,17,0,0,1,33,4,0,0,3
224,4,0,78,8,0,0,9,9,1,0,0,17,0,0,3,50,12,0,0,0
225,1,2,60,8,0,0,6,2,3,1,0,5,0,0,2,65,9,0,0,0
226,2,3,24,2,0,1,6,3,0,0,0,2,0,0,2,55,7,0,0,2
227,0,2,12,3,0,0,3,3,0,1,0,2,0,0,0,31,7,0,0,0
228,0,0,11,0,1,0,1,2,0,1,0,2,0,0,0,9,3,0,0,0
229,0,1,3,1,0,1,0,1,0,0,0,1,0,0,0,6,4,0,1,0
230,0,0,2,1,0,0,0,0,0,0,0,2,0,0,0,10,0,0,0,0
231,0,0,2,1,0,0,0,0,0,0,0,0,0,0,0,6,0,0,0,0
232,0,0,1,0,0,0,1,0,0,0,0,0,0,1,0,3,0,0,0,0
233,0,0,0,0,0,0,0,0,0,0,0,0,0,0,0,1,0,0,0,0
234,0,0,0,1,0,0,0,0,0,0,0,0,0,0,0,0,0,0,0,0
235,0,0,0,0,0,0,0,0,0,0,0,0,0,0,0,1,0,0,0,0
236,0,0,0,0,0,0,0,0,0,0,0,0,0,0,0,0,0,0,0,0
237,0,0,0,0,0,0,0,0,0,0,0,0,0,0,0,0,0,0,0,0
238,0,0,0,0,0,0,0,0,0,0,0,0,0,0,0,0,0,0,0,0
239,0,0,0,0,0,0,0,0,0,0,0,0,0,0,0,0,0,0,0,0
240,0,0,0,0,0,0,0,0,0,0,0,0,0,0,0,0,0,0,0,0
241,0,0,0,0,0,0,0,0,0,0,0,0,0,0,0,0,0,0,0,0
242,0,1,0,0,0,0,0,0,0,0,0,0,0,0,0,0,0,0,0,0
243,0,0,1,0,0,0,0,0,0,0,0,0,0,0,0,0,0,0,0,0
244,0,0,0,0,0,0,0,0,0,0,0,0,0,1,0,0,0,0,0,0
245,0,0,0,0,0,0,1,0,0,0,0,0,0,0,0,2,0,0,0,0
246,0,0,3,0,0,0,3,0,0,0,0,4,0,0,0,1,1,0,0,0
247,0,2,5,1,1,0,1,4,0,0,0,2,0,0,1,6,1,0,1,0
248,1,1,12,3,0,1,3,8,0,1,0,2,0,0,0,14,1,0,0,0
249,1,0,39,7,0,0,1,5,0,0,0,1,0,0,0,15,1,0,0,0
250,2,0,9,2,0,2,2,3,1,1,0,1,0,8,1,40,4,0,15,0
251,0,2,14,5,0,0,4,19,1,1,0,8,0,0,0,54,10,0,1,0
252,1,4,6,17,0,4,115,1,0,1,2,16,3,0,0,12,9,0,1,1
253,0,0,0,0,0,0,0,0,0,0,0,0,0,0,0,1,0,0,199,0
254,0,127,0,0,0,0,0,1,0,60,0,2,1,0,0,1,0,0,0,8
255,0,0,0,0,0,0,0,0,0,0,198,0,0,2,0,0,0,0,0,0
256,0,2,0,0,0,0,0,0,0,194,0,1,0,0,0,0,3,0,0,0
257,0,0,181,0,0,0,0,0,1,0,0,0,0,0,0,17,1,0,0,0
258,0,0,0,0,200,0,0,0,0,0,0,0,0,0,0,0,0,0,0,0
259,0,1,196,0,0,0,0,0,0,1,0,2,0,0,0,0,0,0,0,0
260,7,0,0,0,0,0,0,0,0,1,0,0,0,0,0,20,171,0,0,1
261,0,0,0,0,0,0,0,0,0,0,0,0,0,0,0,200,0,0,0,0
262,50,0,0,0,0,0,0,0,0,1,0,2,0,0,0,3,132,0,0,12
263,0,0,0,0,0,0,0,0,0,154,13,0,3,0,0,0,2,0,0,28
264,14,1,0,0,0,0,0,0,0,0,0,11,0,0,0,2,172,0,0,0
265,0,0,0,0,0,200,0,0,0,0,0,0,0,0,0,0,0,0,0,0
266,197,0,0,0,0,0,0,0,0,0,0,0,0,0,0,2,1,0,0,0
267,0,0,0,0,200,0,0,0,0,0,0,0,0,0,0,0,0,0,0,0
268,0,0,0,0,0,0,0,0,0,0,0,0,0,0,199,1,0,0,0,0
269,0,0,0,0,0,0,0,0,0,0,0,200,0,0,0,0,0,0,0,0
270,0,0,0,0,0,0,0,0,0,12,0,0,0,0,0,0,0,0,0,188
271,0,0,6,0,0,0,0,0,0,0,0,0,0,0,0,140,54,0,0,0
272,0,0,0,0,0,0,0,0,0,0,0,0,0,195,0,0,0,5,0,0
273,0,0,0,179,0,0,21,0,0,0,0,0,0,0,0,0,0,0,0,0
274,0,0,0,0,0,0,0,0,0,0,0,0,0,0,200,0,0,0,0,0
275,0,0,0,0,0,0,0,0,0,200,0,0,0,0,0,0,0,0,0,0
276,0,0,0,0,0,0,0,0,0,0,0,0,0,0,200,0,0,0,0,0
277,0,0,0,0,0,0,0,0,0,196,3,0,0,0,0,0,0,0,0,1
278,0,0,0,0,0,0,0,0,200,0,0,0,0,0,0,0,0,0,0,0
279,0,0,0,0,0,0,0,0,0,0,0,0,0,6,0,0,0,0,194,0
280,0,0,0,0,200,0,0,0,0,0,0,0,0,0,0,0,0,0,0,0
281,191,0,0,0,0,0,0,0,0,0,0,0,0,0,0,0,9,0,0,0
282,0,0,0,0,0,0,0,0,0,0,0,0,0,0,200,0,0,0,0,0
283,199,0,0,0,0,0,0,1,0,0,0,0,0,0,0,0,0,0,0,0
284,0,0,0,0,0,0,0,200,0,0,0,0,0,0,0,0,0,0,0,0
285,0,0,0,0,0,0,0,0,0,0,0,0,0,17,0,0,0,0,183,0
286,199,0,0,0,0,0,0,0,0,0,0,0,0,0,0,0,0,0,0,1
287,0,0,0,0,0,0,0,0,0,200,0,0,0,0,0,0,0,0,0,0
288,0,0,0,0,0,0,0,0,0,0,200,0,0,0,0,0,0,0,0,0
289,0,7,0,0,0,1,0,0,0,0,0,192,0,0,0,0,0,0,0,0
290,0,0,0,0,200,0,0,0,0,0,0,0,0,0,0,0,0,0,0,0
291,0,0,0,0,0,0,0,0,0,0,0,0,0,0,0,0,0,0,0,0
292,0,1,188,0,0,0,0,0,0,0,0,10,0,0,0,0,1,0,0,0
293,0,0,166,29,0,0,1,0,0,0,0,1,0,0,0,2,1,0,0,0
294,0,2,6,1,0,3,33,0,0,0,0,155,0,0,0,0,0,0,0,0
295,6,0,2,0,0,0,0,0,0,0,0,8,0,0,0,1,183,0,0,0
296,0,0,0,0,0,0,0,0,0,0,0,0,0,199,0,0,0,0,1,0
297,0,0,183,2,0,0,0,0,0,0,0,1,0,0,0,8,6,0,0,0
298,0,0,0,0,0,0,0,200,0,0,0,0,0,0,0,0,0,0,0,0
299,1,0,0,0,0,0,0,0,0,5,3,18,1,0,0,4,168,0,0,0
300,0,0,0,0,0,0,0,200,0,0,0,0,0,0,0,0,0,0,0,0
301,0,0,0,0,0,1,0,0,0,0,0,0,0,0,197,2,0,0,0,0
302,0,0,0,0,200,0,0,0,0,0,0,0,0,0,0,0,0,0,0,0
303,0,7,104,0,0,9,1,1,26,0,6,9,0,1,0,8,25,0,3,0
304,0,0,195,1,0,0,0,0,0,0,0,3,0,0,0,1,0,0,0,0
305,0,0,0,0,0,0,0,0,0,7,0,0,0,0,0,0,0,0,0,193
306,0,0,0,0,0,0,0,0,0,0,0,0,0,0,0,200,0,0,0,0
307,2,0,0,0,0,0,0,0,0,1,0,0,0,0,0,4,193,0,0,0
308,0,0,0,0,0,0,0,0,0,1,0,0,0,0,0,0,0,0,0,199
309,0,0,0,0,0,198,0,0,0,0,2,0,0,0,0,0,0,0,0,0
310,0,0,0,0,200,0,0,0,0,0,0,0,0,0,0,0,0,0,0,0
311,0,0,0,0,0,0,0,0,0,0,0,0,0,0,0,0,200,0,0,0
312,0,0,0,0,0,1,0,0,199,0,0,0,0,0,0,0,0,0,0,0
313,0,0,0,0,0,0,0,200,0,0,0,0,0,0,0,0,0,0,0,0
314,0,0,0,0,0,0,0,0,0,200,0,0,0,0,0,0,0,0,0,0
315,0,5,1,0,0,0,0,0,0,0,0,194,0,0,0,0,0,0,0,0
316,0,0,0,0,0,0,0,0,0,0,0,0,0,0,200,0,0,0,0,0
317,0,0,0,0,0,0,0,0,0,0,0,0,0,0,0,0,0,0,0,200
318,0,0,0,0,0,0,0,0,0,9,0,0,0,0,0,0,0,0,0,191
319,0,0,0,0,0,0,0,0,0,0,0,0,0,0,0,198,2,0,0,0
320,0,0,0,0,0,0,0,0,0,0,0,0,0,0,0,0,200,0,0,0
321,0,0,0,0,0,200,0,0,0,0,0,0,0,0,0,0,0,0,0,0
322,0,0,0,0,0,0,0,0,0,0,198,0,0,2,0,0,0,0,0,0
323,0,0,0,0,0,0,0,0,0,0,200,0,0,0,0,0,0,0,0,0
324,0,0,0,0,0,0,0,0,0,0,200,0,0,0,0,0,0,0,0,0
325,0,0,200,0,0,0,0,0,0,0,0,0,0,0,0,0,0,0,0,0
326,0,0,0,0,0,0,0,200,0,0,0,0,0,0,0,0,0,0,0,0
327,0,0,0,0,0,0,0,0,0,0,0,0,0,0,0,200,0,0,0,0
328,0,0,0,1,0,0,0,0,0,0,0,0,0,0,0,1,0,0,0,0
329,0,0,1,0,0,0,0,0,0,0,0,0,0,0,0,0,0,0,0,0
330,0,0,0,0,0,0,0,0,0,3,196,0,0,0,0,0,1,0,0,0
331,188,0,0,0,0,0,0,0,0,0,0,0,0,0,0,8,2,0,0,2
332,0,0,0,1,0,0,184,4,0,0,0,10,0,0,0,0,0,0,1,0
333,0,0,0,0,0,0,0,1,0,0,0,0,0,0,0,0,0,0,0,0
334,0,4,1,0,0,4,84,62,0,0,0,37,0,0,0,0,0,0,0,0
335,0,0,0,30,0,1,144,20,0,0,0,4,0,0,0,1,0,0,0,0
336,0,0,0,0,0,0,0,0,0,188,0,0,0,0,0,0,2,0,0,10
337,0,0,0,0,0,0,0,0,0,158,1,0,8,0,0,0,0,0,0,33
338,0,0,0,0,0,0,0,0,0,197,0,0,0,0,0,0,0,0,0,3
339,0,189,0,0,0,0,0,0,0,0,0,5,0,0,0,6,0,0,0,0
340,0,0,0,0,0,0,0,0,0,0,0,0,0,7,0,193,0,0,0,0
341,6,1,0,0,0,4,161,0,0,0,0,28,0,0,0,0,0,0,0,0
342,0,0,196,3,0,0,0,0,0,0,0,1,0,0,0,0,0,0,0,0
343,0,0,0,0,0,0,0,0,0,29,167,1,3,0,0,0,0,0,0,0
344,6,1,2,0,0,0,4,1,0,0,0,1,0,0,0,14,171,0,0,0
345,0,0,82,112,1,0,2,0,0,0,0,1,0,0,0,2,0,0,0,0
346,0,0,195,2,0,0,0,0,0,0,0,0,0,0,0,2,1,0,0,0
347,89,0,0,0,0,0,0,4,1,14,0,0,0,0,0,4,31,0,0,57
348,0,5,5,0,0,4,0,0,0,0,0,184,0,0,0,0,0,0,2,0
349,1,0,3,0,0,0,0,0,0,18,0,0,0,0,1,0,176,0,0,1
350,0,0,0,0,0,0,0,0,0,198,0,0,1,0,0,0,0,0,0,1
351,1,0,0,0,0,0,0,0,0,195,1,0,1,0,0,0,2,0,0,0
352,4,0,0,0,0,0,0,0,0,3,0,0,0,0,0,0,0,0,0,193
353,0,1,1,0,0,48,0,0,149,0,0,0,0,0,0,1,0,0,0,0
354,0,0,0,0,0,0,0,0,0,0,185,0,0,15,0,0,0,0,0,0
355,0,1,176,2,0,2,0,0,0,0,0,16,0,0,1,1,1,0,0,0
356,0,1,2,11,0,9,134,0,0,0,0,37,0,0,0,1,5,0,0,0
357,4,0,0,0,0,1,0,0,1,0,0,0,0,0,26,160,8,0,0,0
358,1,0,0,0,0,0,0,0,0,44,0,0,0,0,0,0,0,0,0,155
359,10,6,11,4,0,3,113,13,2,0,0,19,2,0,5,7,2,0,1,2
360,0,0,0,0,0,0,0,0,0,200,0,0,0,0,0,0,0,0,0,0
361,0,2,47,0,0,1,28,0,0,6,3,4,5,0,0,1,11,0,0,92
362,0,0,0,0,200,0,0,0,0,0,0,0,0,0,0,0,0,0,0,0
363,4,1,0,0,0,0,1,0,0,29,0,0,5,0,0,1,148,0,0,11
364,0,200,0,0,0,0,0,0,0,0,0,0,0,0,0,0,0,0,0,0
365,0,0,0,0,0,0,0,0,2,0,2,0,0,1,193,0,2,0,0,0
366,3,0,108,3,0,1,0,72,1,0,0,0,0,0,0,12,0,0,0,0
367,0,0,200,0,0,0,0,0,0,0,0,0,0,0,0,0,0,0,0,0
368,0,0,198,0,0,0,0,0,0,0,0,2,0,0,0,0,0,0,0,0
369,0,1,0,0,0,0,0,0,0,3,0,0,0,0,0,0,196,0,0,0
370,0,199,0,0,0,0,0,0,0,0,0,1,0,0,0,0,0,0,0,0
371,0,19,1,1,0,9,4,1,0,0,0,152,0,0,0,0,13,0,0,0
372,0,0,0,0,0,0,0,4,0,0,0,0,0,0,0,196,0,0,0,0
373,1,0,0,0,0,0,0,0,0,119,1,0,13,1,0,0,3,0,0,62
374,0,196,0,0,0,0,0,2,0,0,0,0,0,0,0,0,1,1,0,0
375,0,0,0,0,0,0,0,0,0,198,2,0,0,0,0,0,0,0,0,0
376,0,0,0,0,0,0,0,0,0,0,0,0,0,0,0,0,0,0,0,0
377,0,0,0,0,0,0,0,200,0,0,0,0,0,0,0,0,0,0,0,0
378,0,0,0,0,0,0,0,0,0,0,1,0,0,0,199,0,0,0,0,0
379,0,0,0,0,0,0,0,200,0,0,0,0,0,0,0,0,0,0,0,0
380,0,0,0,0,0,199,0,0,0,0,0,1,0,0,0,0,0,0,0,0
381,46,0,0,0,0,0,1,0,0,3,0,0,2,0,0,4,134,0,0,10
382,0,0,0,0,0,0,0,0,0,3,5,0,0,191,0,0,0,0,1,0
383,0,0,0,0,0,0,0,0,0,0,0,0,0,27,0,0,0,0,173,0
384,185,0,0,0,0,0,0,0,0,0,0,0,0,0,0,0,6,0,0,0
385,3,0,7,0,0,1,0,0,0,2,0,0,1,0,1,0,176,0,3,0
386,1,1,40,0,0,0,3,136,1,0,0,4,0,0,0,1,4,0,0,0
387,15,0,11,105,0,1,45,16,0,0,0,4,0,0,0,2,1,0,0,0
388,0,0,0,0,0,0,0,0,0,191,0,0,0,0,0,0,0,0,0,9
389,0,0,0,0,0,0,0,0,0,191,0,0,0,0,0,0,5,0,0,4
390,0,0,0,0,0,0,0,200,0,0,0,0,0,0,0,0,0,0,0,0
391,0,0,37,157,0,1,2,0,0,0,0,3,0,0,0,0,0,0,0,0
392,0,0,0,0,0,0,0,0,0,199,0,0,0,0,0,0,1,0,0,0
393,0,198,0,0,0,0,0,0,0,0,0,2,0,0,0,0,0,0,0,0
394,2,3,3,1,0,142,27,1,0,0,1,20,0,0,0,0,0,0,0,0
395,199,0,0,0,0,0,0,0,0,0,0,0,0,0,0,0,0,0,0,1
396,0,0,0,0,0,1,0,0,149,0,0,0,0,2,0,2,0,0,46,0
397,0,0,0,0,200,0,0,0,0,0,0,0,0,0,0,0,0,0,0,0
398,0,1,159,6,0,1,3,0,1,4,0,8,0,0,0,5,12,0,0,0
399,0,0,0,0,0,0,0,0,0,188,5,0,0,0,0,0,0,0,0,7
400,0,0,0,0,0,0,0,0,0,0,0,0,0,0,0,0,1,0,0,0
401,1,1,45,3,0,0,1,0,0,1,0,1,0,0,0,135,10,0,0,0
402,16,32,4,1,0,1,49,27,0,1,3,57,0,0,0,3,4,0,0,1
403,11,6,8,13,0,11,35,19,3,0,0,25,0,0,0,29,28,0,0,5
404,14,5,28,21,0,14,16,4,3,1,9,69,0,0,0,3,8,0,0,1
405,0,0,0,0,0,0,0,0,0,0,0,0,0,0,0,0,0,200,0,0
406,0,3,155,4,0,1,4,3,0,0,0,3,0,0,0,7,17,0,3,0
407,7,16,18,9,0,7,44,2,1,4,1,55,1,0,0,7,28,0,0,0
408,13,0,1,0,0,0,0,0,0,3,1,0,4,0,0,0,178,0,0,0
409,0,0,0,0,0,0,0,0,0,3,189,0,2,0,0,1,0,0,0,5
410,1,6,6,4,0,76,54,6,8,3,3,20,0,0,0,2,2,0,8,1
411,1,79,11,2,0,30,16,11,1,0,2,38,6,0,0,1,0,2,0,0
412,0,0,0,0,0,0,0,0,0,7,1,0,0,0,0,0,0,0,0,192
413,10,27,1,0,0,5,7,35,0,1,0,59,1,0,0,43,7,1,0,3
414,6,12,8,5,0,0,74,8,0,2,0,77,0,0,0,3,5,0,0,0
415,2,6,0,0,0,3,3,0,0,1,0,184,0,0,0,0,1,0,0,0
416,0,0,0,0,0,0,0,0,0,0,199,0,0,1,0,0,0,0,0,0
417,24,33,1,0,0,17,21,11,0,1,2,77,0,0,0,6,3,0,1,3
418,2,0,2,0,0,2,152,7,0,1,0,30,0,0,0,0,2,0,0,2
419,0,0,0,0,0,0,0,0,0,0,0,1,0,0,0,0,0,0,0,0
420,0,0,0,0,0,0,0,0,0,0,0,0,0,0,0,0,0,0,0,1
421,0,0,0,0,0,0,0,0,0,0,0,1,0,0,0,0,0,0,0,0
422,0,0,0,0,0,0,1,0,0,0,0,0,0,0,0,0,0,0,0,0
423,0,3,0,0,1,3,1,0,136,1,12,2,0,5,0,0,0,0,35,1
424,0,0,0,0,0,0,0,0,0,1,1,0,0,175,0,0,0,0,23,0
425,0,2,14,1,0,0,0,0,7,2,5,2,0,0,125,10,2,0,0,0
426,0,0,159,11,0,1,2,11,4,2,0,2,0,1,1,3,3,0,0,0
427,4,17,9,0,0,2,1,1,0,0,0,151,1,1,0,4,8,0,1,0
428,2,0,20,0,0,0,3,0,0,10,0,8,0,1,1,8,147,0,0,0
429,1,1,0,0,0,0,0,0,0,2,0,2,0,0,0,0,7,0,0,0
430,0,0,0,0,0,0,0,1,0,0,0,0,0,0,0,0,2,0,0,0
431,0,0,0,0,0,0,0,0,0,0,0,1,0,1,0,0,0,0,0,0
432,0,0,0,0,0,0,0,0,0,0,0,0,0,0,0,0,1,0,0,0
433,0,0,1,0,0,0,0,0,0,0,0,0,0,0,0,0,0,0,0,0
434,0,0,0,0,0,0,0,0,0,196,1,0,0,0,0,0,0,0,0,1
435,3,10,23,1,0,22,28,1,2,14,2,49,2,1,0,7,25,0,2,8
436,0,0,0,0,0,0,0,0,0,0,0,0,0,199,0,0,0,0,1,0
437,36,4,44,5,1,20,44,4,0,0,0,25,0,0,0,3,14,0,0,0
438,5,4,3,0,0,15,0,1,4,1,0,3,1,0,117,42,4,0,0,0
439,0,0,0,0,0,0,0,0,0,0,0,0,0,0,1,0,0,0,0,1
440,0,0,0,0,0,0,0,0,0,0,0,0,0,0,4,0,0,0,0,0
441,11,0,0,0,0,0,0,0,43,0,0,0,0,0,28,118,0,0,0,0
442,18,1,0,0,0,0,0,0,0,0,1,0,0,0,4,168,5,0,0,3
443,0,0,0,0,0,0,0,200,0,0,0,0,0,0,0,0,0,0,0,0
444,0,0,0,0,0,0,0,200,0,0,0,0,0,0,0,0,0,0,0,0
445,0,0,0,200,0,0,0,0,0,0,0,0,0,0,0,0,0,0,0,0
446,0,0,0,0,0,0,0,0,0,2,179,0,0,0,18,0,0,0,0,0
447,0,0,0,0,0,0,200,0,0,0,0,0,0,0,0,0,0,0,0,0
448,0,0,0,0,0,0,0,0,0,161,0,0,0,0,0,0,0,0,0,39
449,3,1,0,0,0,0,1,0,0,1,0,2,2,0,0,0,186,0,0,4
450,0,1,0,0,0,1,0,0,1,0,0,0,14,0,0,2,181,0,0,0
451,0,0,0,0,0,0,0,0,199,0,0,0,0,1,0,0,0,0,0,0
452,0,0,1,0,0,0,0,0,0,3,0,0,2,0,0,185,9,0,0,0
453,0,0,0,0,0,0,0,0,0,0,0,0,0,200,0,0,0,0,0,0
454,0,0,196,0,0,0,0,0,0,2,0,0,0,0,0,0,2,0,0,0
455,0,0,0,0,200,0,0,0,0,0,0,0,0,0,0,0,0,0,0,0
456,1,141,1,0,0,1,0,48,0,0,0,6,2,0,0,0,0,0,0,0
457,0,0,0,0,0,0,1,199,0,0,0,0,0,0,0,0,0,0,0,0
458,0,0,0,0,0,0,200,0,0,0,0,0,0,0,0,0,0,0,0,0
459,0,0,0,0,0,0,0,0,0,0,0,0,0,200,0,0,0,0,0,0
460,0,0,0,0,0,0,0,0,0,0,0,0,0,199,0,0,0,0,0,0
461,0,0,0,0,0,0,0,0,0,0,0,0,0,0,0,0,0,0,200,0
462,0,0,0,0,200,0,0,0,0,0,0,0,0,0,0,0,0,0,0,0
463,0,0,180,15,0,0,0,0,0,0,0,0,0,0,0,0,1,0,4,0
464,0,0,0,0,0,0,0,0,0,0,0,0,0,0,0,0,200,0,0,0
465,2,0,0,0,0,0,1,0,0,1,1,0,0,0,0,131,64,0,0,0
466,5,13,33,8,0,15,11,30,3,5,2,63,0,1,1,8,1,0,1,0
467,0,0,0,0,0,0,0,0,0,1,199,0,0,0,0,0,0,0,0,0
468,0,0,0,0,0,0,0,0,0,0,0,0,0,195,0,1,0,3,0,1
469,0,0,165,4,0,0,2,0,4,0,2,5,0,0,1,7,7,0,3,0
470,2,11,28,8,0,1,20,43,1,7,2,7,0,3,2,50,10,1,2,2
471,4,0,28,3,0,1,2,1,0,5,1,5,0,0,1,21,125,0,1,2
472,4,2,8,8,0,2,12,8,6,5,13,3,1,10,0,12,14,0,86,5
473,1,5,57,3,0,1,2,3,6,3,19,2,10,8,5,7,25,3,6,2
474,11,0,34,4,0,1,9,21,3,2,5,3,0,5,14,22,8,1,3,0
475,1,2,46,3,0,1,0,6,0,3,4,0,0,1,1,6,36,1,1,2
476,2,0,11,9,0,0,6,16,0,2,0,0,1,2,0,9,8,1,17,0
477,2,1,5,1,0,0,1,2,1,3,1,0,1,1,0,4,22,2,3,0
478,1,0,4,4,1,0,0,0,0,0,1,1,1,0,0,1,2,0,2,0
479,0,0,2,1,0,0,0,0,1,1,1,0,0,1,1,0,0,0,0,2
480,1,0,2,0,0,0,0,0,0,0,0,0,0,1,0,0,0,1,1,0
481,0,0,1,0,0,0,0,0,0,1,0,0,0,0,0,0,0,0,0,0
482,0,0,0,0,0,0,0,1,0,0,0,0,0,0,0,0,0,0,0,0
483,0,0,0,0,0,0,0,0,0,0,0,0,0,0,0,0,1,0,0,0
484,0,0,0,0,0,0,0,0,0,0,0,0,0,0,0,0,0,0,0,1
485,0,0,0,0,0,0,0,0,0,0,0,0,0,0,0,1,1,0,0,0
486,1,0,0,0,0,0,0,0,0,0,0,1,0,0,0,1,1,0,0,0
487,0,0,2,0,0,0,0,0,0,0,0,0,0,0,0,0,1,0,1,0
488,0,0,3,1,0,0,0,1,0,0,0,0,0,0,0,1,1,0,0,0
489,0,0,2,2,0,0,1,2,0,0,0,0,1,0,0,3,4,0,0,0
490,2,0,4,1,0,0,2,1,1,0,1,0,0,0,4,1,9,0,4,0
491,4,2,20,2,0,0,3,7,0,1,1,2,1,1,0,5,10,1,4,1
492,2,2,20,6,0,1,5,5,5,0,1,1,1,1,0,21,19,1,9,1
493,4,1,27,7,0,0,5,7,5,3,5,3,0,0,0,24,35,0,6,0
494,8,3,35,12,0,0,13,21,0,1,2,7,1,0,2,15,28,0,4,3
495,2,3,39,8,0,1,8,16,3,7,1,6,2,3,3,35,31,0,6,4
496,3,4,47,16,0,3,19,13,2,3,3,8,1,0,1,21,41,0,2,3
497,8,1,38,17,0,0,9,16,1,3,5,4,2,0,3,54,35,0,1,1
498,3,1,109,19,0,0,3,4,2,4,0,1,0,0,0,37,15,0,0,1
499,18,1,5,18,0,1,31,16,0,3,2,10,0,0,2,54,36,0,0,3
500,0,0,55,4,0,0,2,0,0,11,0,1,0,1,2,8,106,0,4,6
501,0,0,0,0,0,0,0,0,0,183,7,0,0,5,0,0,4,0,0,1
502,0,1,0,0,0,0,0,0,0,27,1,2,2,0,0,0,166,0,0,1
503,0,0,0,0,0,0,0,0,0,27,173,0,0,0,0,0,0,0,0,0
504,0,2,1,0,0,41,0,0,4,0,2,5,0,0,139,4,2,0,0,0
505,0,0,0,0,200,0,0,0,0,0,0,0,0,0,0,0,0,0,0,0
506,0,164,1,0,0,0,0,0,1,0,0,34,0,0,0,0,0,0,0,0
507,0,0,0,0,0,0,0,0,0,198,1,0,1,0,0,0,0,0,0,0
508,0,5,0,0,0,0,0,0,0,0,0,195,0,0,0,0,0,0,0,0
509,0,0,0,0,0,200,0,0,0,0,0,0,0,0,0,0,0,0,0,0
510,0,0,0,0,0,0,0,0,0,182,0,0,0,16,0,0,0,0,1,1
511,0,0,0,0,0,0,0,0,0,183,0,0,0,0,0,0,0,0,0,17
512,0,4,196,0,0,0,0,0,0,0,0,0,0,0,0,0,0,0,0,0
513,0,1,0,0,0,0,0,0,0,1,2,0,196,0,0,0,0,0,0,0
514,0,0,0,0,0,0,0,0,0,0,1,0,0,0,0,0,0,199,0,0
515,0,0,0,0,0,200,0,0,0,0,0,0,0,0,0,0,0,0,0,0
516,0,9,0,0,0,2,87,78,0,0,0,22,0,0,0,0,2,0,0,0
517,1,0,0,0,0,0,0,0,0,2,0,0,0,0,0,0,0,0,0,197
518,1,0,0,0,0,0,0,199,0,0,0,0,0,0,0,0,0,0,0,0
519,0,170,0,0,0,22,0,0,0,0,0,7,0,0,0,1,0,0,0,0
520,200,0,0,0,0,0,0,0,0,0,0,0,0,0,0,0,0,0,0,0
521,0,0,0,0,0,0,0,0,0,25,0,0,174,0,0,0,0,0,0,1
522,0,0,0,0,0,0,0,0,0,0,0,0,0,1,0,0,0,0,199,0
523,197,0,3,0,0,0,0,0,0,0,0,0,0,0,0,0,0,0,0,0
524,1,0,1,0,0,0,0,0,0,0,0,0,0,0,193,5,0,0,0,0
525,0,0,0,0,0,0,0,0,0,0,0,0,0,0,200,0,0,0,0,0
526,0,0,0,0,0,0,0,0,0,191,0,0,0,0,0,1,0,0,0,8
527,136,5,0,0,0,1,50,0,0,0,0,7,0,0,1,0,0,0,0,0
528,0,0,0,0,0,0,0,200,0,0,0,0,0,0,0,0,0,0,0,0
529,1,3,164,0,0,1,3,0,1,6,0,5,0,0,0,13,2,0,1,0
530,0,0,0,0,0,0,0,0,0,195,4,0,0,0,0,0,0,0,0,1
531,5,0,4,0,0,0,0,0,0,5,0,1,0,0,0,1,183,0,0,1
532,0,0,0,0,200,0,0,0,0,0,0,0,0,0,0,0,0,0,0,0
533,1,25,65,2,0,0,8,0,0,12,0,59,1,0,0,4,17,0,0,6
534,0,0,0,0,0,0,0,0,0,0,0,0,0,0,0,199,1,0,0,0
535,0,0,141,5,0,1,2,0,0,1,0,4,1,0,0,34,11,0,0,0
536,0,0,0,0,0,0,0,0,0,200,0,0,0,0,0,0,0,0,0,0
537,0,0,0,0,0,0,0,0,0,0,0,0,0,0,0,0,200,0,0,0
538,0,0,0,0,0,0,0,200,0,0,0,0,0,0,0,0,0,0,0,0
539,0,0,0,0,0,0,0,0,0,18,181,0,0,0,0,0,0,0,0,1
540,0,0,0,0,0,0,0,0,0,11,188,0,0,0,0,0,0,0,0,1
541,0,0,0,0,0,0,0,0,0,0,199,0,0,0,0,0,0,0,0,1
542,1,0,0,0,0,0,4,0,0,0,11,0,0,0,0,1,149,0,0,34
543,0,184,0,0,0,0,0,0,4,0,0,0,0,0,0,1,0,10,1,0
544,0,0,1,199,0,0,0,0,0,0,0,0,0,0,0,0,0,0,0,0
545,0,0,0,0,0,0,0,198,0,0,0,1,0,0,0,0,0,0,1,0
546,0,0,3,6,0,0,3,186,0,1,0,0,0,0,0,1,0,0,0,0
547,2,4,66,13,0,5,13,12,3,16,3,23,1,0,8,8,19,1,1,2
548,3,2,22,13,0,4,11,25,1,5,1,12,2,1,4,16,24,1,1,2
549,0,1,12,11,0,1,7,4,0,1,0,3,0,0,1,7,12,0,0,0
550,0,0,2,1,0,0,0,1,0,0,0,0,0,0,0,0,0,0,0,0
551,0,1,0,0,0,0,0,1,0,0,0,0,0,0,0,0,2,0,0,0
552,0,0,1,1,0,0,0,0,0,0,0,1,0,0,0,0,1,0,0,0
553,0,0,1,0,0,0,1,0,0,0,0,1,0,0,0,0,1,0,0,0
554,0,0,1,0,0,0,0,1,0,0,0,0,0,0,0,0,0,0,0,0
555,0,0,0,0,0,0,1,0,0,0,0,1,0,0,0,0,0,0,0,0
556,0,0,1,0,0,0,0,0,0,0,0,0,0,0,0,0,1,0,0,0
557,0,0,1,0,0,0,0,1,0,0,0,0,0,0,0,0,0,0,0,0
558,0,0,1,0,0,0,0,0,0,0,0,0,0,0,1,0,3,0,0,0
559,0,0,1,1,0,0,0,1,0,0,0,1,0,0,0,1,1,0,0,0
560,0,1,4,0,0,0,1,0,0,0,0,1,0,0,0,1,1,0,0,0
561,0,1,7,2,0,0,2,4,0,0,0,0,0,1,0,2,1,0,0,0
562,0,1,20,5,0,0,2,1,0,0,0,2,0,0,0,5,3,0,0,1
563,1,0,40,6,1,0,5,6,0,0,0,1,0,0,0,7,13,0,0,0
564,3,0,36,8,0,2,17,7,0,0,0,3,0,1,1,9,22,0,0,0
565,0,2,64,16,0,2,12,7,1,1,0,8,0,0,3,20,47,0,1,1
566,5,5,108,7,0,0,5,5,1,0,0,4,0,0,3,27,24,0,1,1
567,2,8,32,22,1,4,21,22,2,1,0,12,2,0,1,13,56,0,0,0
568,3,0,35,0,0,0,16,1,0,9,0,9,0,0,8,6,112,0,0,1
569,0,0,0,3,0,2,191,1,1,0,0,0,0,0,0,1,1,0,0,0
570,0,1,0,0,0,0,0,0,0,73,0,1,0,0,0,0,117,0,0,8
571,0,0,0,0,0,0,0,0,0,0,0,0,0,199,0,0,0,0,0,1
572,0,200,0,0,0,0,0,0,0,0,0,0,0,0,0,0,0,0,0,0
573,0,0,0,0,0,0,0,0,0,0,1,0,0,1,198,0,0,0,0,0
574,12,0,0,0,0,3,15,160,0,3,1,0,0,0,0,0,6,0,0,0
575,0,0,0,0,0,0,0,200,0,0,0,0,0,0,0,0,0,0,0,0
576,0,0,0,0,0,0,0,200,0,0,0,0,0,0,0,0,0,0,0,0
577,0,0,99,101,0,0,0,0,0,0,0,0,0,0,0,0,0,0,0,0
578,0,0,0,0,0,0,0,0,0,4,0,0,195,0,0,0,0,0,0,1
579,0,103,0,0,0,0,0,0,0,0,0,97,0,0,0,0,0,0,0,0
580,0,0,8,192,0,0,0,0,0,0,0,0,0,0,0,0,0,0,0,0
581,0,0,200,0,0,0,0,0,0,0,0,0,0,0,0,0,0,0,0,0
582,0,0,0,0,0,0,0,0,0,0,0,0,0,0,0,0,0,200,0,0
583,0,200,0,0,0,0,0,0,0,0,0,0,0,0,0,0,0,0,0,0
584,0,0,7,0,0,0,0,0,0,0,0,0,0,0,0,193,0,0,0,0
585,0,0,0,0,0,0,200,0,0,0,0,0,0,0,0,0,0,0,0,0
586,0,0,0,0,0,0,0,0,0,0,200,0,0,0,0,0,0,0,0,0
587,0,0,0,0,0,0,0,0,0,0,0,0,0,1,0,0,0,0,199,0
588,0,2,0,0,0,0,0,0,0,0,0,196,0,0,0,1,1,0,0,0
589,0,0,0,0,0,0,0,0,0,0,0,0,0,0,0,0,0,0,200,0
590,0,0,0,0,0,0,0,0,0,0,0,200,0,0,0,0,0,0,0,0
591,0,0,0,0,0,0,0,0,0,1,0,0,0,0,0,0,1,0,0,198
592,0,0,0,0,0,0,0,0,0,3,0,0,0,0,0,0,0,0,0,197
593,0,0,0,0,0,0,199,0,0,0,0,1,0,0,0,0,0,0,0,0
594,0,0,0,0,0,0,0,0,0,179,3,0,0,0,0,0,0,0,0,18
595,0,7,6,0,0,11,3,0,0,0,0,173,0,0,0,0,0,0,0,0
596,0,0,0,0,0,0,0,0,0,0,0,0,0,0,199,1,0,0,0,0
597,0,0,0,0,0,0,0,0,0,1,199,0,0,0,0,0,0,0,0,0
598,0,0,0,0,0,0,0,200,0,0,0,0,0,0,0,0,0,0,0,0
599,0,0,0,0,0,0,0,0,0,123,11,0,0,0,0,0,0,0,0,66
600,200,0,0,0,0,0,0,0,0,0,0,0,0,0,0,0,0,0,0,0
601,0,0,0,0,0,0,0,0,0,0,0,0,0,0,200,0,0,0,0,0
602,0,0,1,1,0,0,0,0,0,0,0,0,0,0,0,1,197,0,0,0
603,6,11,8,7,0,5,52,31,0,1,0,67,0,0,0,1,11,0,0,0
604,187,0,0,0,0,0,0,0,0,0,0,0,0,0,0,12,1,0,0,0
605,0,19,0,0,0,3,0,0,0,0,0,178,0,0,0,0,0,0,0,0
606,0,200,0,0,0,0,0,0,0,0,0,0,0,0,0,0,0,0,0,0
607,0,195,0,0,0,0,0,0,0,2,0,2,0,0,0,0,1,0,0,0
608,3,0,0,0,0,0,0,0,0,0,0,0,1,0,0,0,0,0,0,196
609,1,0,0,0,0,0,0,0,0,0,0,0,0,0,0,0,0,0,0,199
610,0,0,0,0,0,0,0,0,0,0,0,0,0,0,0,0,0,0,0,0
611,0,0,0,0,0,0,0,0,0,0,0,0,0,0,0,0,0,0,0,0
612,0,0,0,0,0,0,0,0,0,0,0,0,0,0,0,0,0,0,0,0
613,0,0,0,0,0,0,0,0,0,0,0,0,0,0,0,0,0,0,0,0
614,0,0,0,0,0,0,0,0,0,0,0,0,0,0,0,0,0,0,0,0
615,0,0,0,2,0,12,174,8,0,0,0,4,0,0,0,0,0,0,0,0
616,0,190,0,0,0,0,0,0,0,0,0,9,1,0,0,0,0,0,0,0
617,0,1,1,0,0,6,184,6,0,0,0,2,0,0,0,0,0,0,0,0
618,0,1,0,0,0,0,2,0,0,1,0,1,0,0,0,0,0,0,0,0
619,0,0,0,0,0,0,2,0,0,0,0,0,0,0,0,1,1,0,0,0
620,0,0,0,0,0,0,0,0,0,1,0,0,0,0,0,0,0,0,0,0
621,0,0,0,0,0,1,0,0,0,0,0,0,0,0,0,0,0,0,0,0
622,0,0,0,0,0,0,0,0,0,0,0,200,0,0,0,0,0,0,0,0
623,0,200,0,0,0,0,0,0,0,0,0,0,0,0,0,0,0,0,0,0
624,197,0,0,0,0,0,0,0,0,0,0,0,0,0,0,1,1,0,0,0
625,10,0,0,0,0,0,0,0,0,4,3,0,1,0,0,0,0,0,0,180
626,0,0,0,0,0,0,0,3,0,0,1,0,0,0,0,0,0,0,0,3
627,1,0,0,0,0,0,0,179,0,0,1,0,0,0,0,2,9,0,0,0
628,0,0,0,0,0,0,0,1,0,138,41,0,15,2,0,0,0,0,0,3
629,1,0,0,0,0,0,0,199,0,0,0,0,0,0,0,0,0,0,0,0
630,0,0,0,0,0,0,0,0,0,0,0,0,0,0,0,0,0,0,0,0
631,200,0,0,0,0,0,0,0,0,0,0,0,0,0,0,0,0,0,0,0
632,3,0,0,0,0,0,0,0,0,0,16,0,26,0,0,0,0,0,0,155
633,0,0,0,0,0,0,0,0,0,14,47,0,0,139,0,0,0,0,0,0
634,0,0,0,0,0,0,0,0,0,2,180,0,0,17,0,0,0,0,0,1
635,0,0,0,0,0,0,0,200,0,0,0,0,0,0,0,0,0,0,0,0
636,0,0,0,0,0,0,0,0,0,2,1,0,0,197,0,0,0,0,0,0
637,0,0,0,0,0,0,0,0,0,0,200,0,0,0,0,0,0,0,0,0
638,3,0,0,0,0,0,0,194,0,0,0,0,0,0,0,3,0,0,0,0
639,177,0,0,0,0,0,0,0,0,0,1,0,2,1,0,0,11,0,0,8
640,200,0,0,0,0,0,0,0,0,0,0,0,0,0,0,0,0,0,0,0
641,0,0,0,0,0,0,0,200,0,0,0,0,0,0,0,0,0,0,0,0
642,0,0,0,0,0,0,0,2,0,0,0,0,0,0,0,197,1,0,0,0
643,1,0,0,0,0,0,0,0,0,0,0,0,0,0,0,0,199,0,0,0
644,0,0,0,0,0,0,0,0,0,0,0,0,200,0,0,0,0,0,0,0
645,0,0,0,0,0,0,0,200,0,0,0,0,0,0,0,0,0,0,0,0
646,198,0,0,0,0,0,0,0,0,0,0,0,0,0,0,0,0,0,0,2
647,198,0,0,0,0,0,0,0,0,0,0,0,0,0,0,0,0,0,0,2
648,4,0,0,0,0,0,0,0,0,0,0,0,0,0,0,196,0,0,0,0
649,0,0,0,0,0,0,0,0,0,156,10,0,21,0,0,0,1,0,0,12
650,20,0,0,0,0,0,0,0,0,0,0,0,1,0,0,0,178,0,0,1
651,0,0,0,0,0,0,0,0,0,0,200,0,0,0,0,0,0,0,0,0
652,0,0,0,0,0,0,0,0,0,0,0,0,0,0,0,0,200,0,0,0
653,19,0,0,0,0,0,1,0,0,0,0,0,0,0,0,0,0,0,0,180
654,0,0,0,0,0,197,0,0,3,0,0,0,0,0,0,0,0,0,0,0
655,194,0,0,0,0,0,0,0,0,0,0,0,0,0,0,1,4,0,0,1
656,0,199,0,0,0,0,0,0,0,0,0,1,0,0,0,0,0,0,0,0
657,0,1,2,0,0,192,0,0,1,0,2,2,0,0,0,0,0,0,0,0
658,0,0,0,0,0,0,0,0,0,0,186,0,0,0,0,0,0,0,0,14
659,0,0,0,0,0,0,0,0,0,0,198,0,2,0,0,0,0,0,0,0
660,1,0,1,0,0,0,0,0,0,0,0,0,0,1,0,197,0,0,0,0
661,0,0,0,0,0,0,0,200,0,0,0,0,0,0,0,0,0,0,0,0
662,0,0,0,0,0,0,0,0,0,200,0,0,0,0,0,0,0,0,0,0
663,1,0,0,0,0,0,0,0,0,0,0,0,0,0,0,0,0,0,0,199
664,0,0,0,0,0,200,0,0,0,0,0,0,0,0,0,0,0,0,0,0
665,0,0,0,0,0,200,0,0,0,0,0,0,0,0,0,0,0,0,0,0
666,0,0,0,0,0,200,0,0,0,0,0,0,0,0,0,0,0,0,0,0
667,0,0,25,1,0,0,0,2,0,0,0,0,0,0,0,172,0,0,0,0
668,0,0,200,0,0,0,0,0,0,0,0,0,0,0,0,0,0,0,0,0
669,0,0,0,0,0,0,0,0,0,0,200,0,0,0,0,0,0,0,0,0
670,0,0,0,0,0,0,0,0,0,0,200,0,0,0,0,0,0,0,0,0
671,0,181,0,0,0,1,0,0,0,0,0,18,0,0,0,0,0,0,0,0
672,200,0,0,0,0,0,0,0,0,0,0,0,0,0,0,0,0,0,0,0
673,0,0,0,0,0,0,0,0,0,200,0,0,0,0,0,0,0,0,0,0
674,0,0,0,2,0,0,198,0,0,0,0,0,0,0,0,0,0,0,0,0
675,200,0,0,0,0,0,0,0,0,0,0,0,0,0,0,0,0,0,0,0
676,0,0,0,0,0,199,0,0,1,0,0,0,0,0,0,0,0,0,0,0
677,0,0,0,0,0,197,0,0,3,0,0,0,0,0,0,0,0,0,0,0
678,0,0,1,0,0,1,0,0,197,0,0,0,0,0,0,0,0,0,1,0
679,0,0,0,0,0,0,0,0,0,0,33,0,166,0,0,0,0,0,0,1
680,0,0,0,0,0,0,0,0,0,0,200,0,0,0,0,0,0,0,0,0
681,0,2,0,0,0,197,0,0,0,0,0,1,0,0,0,0,0,0,0,0
682,0,0,0,0,0,0,0,0,0,0,200,0,0,0,0,0,0,0,0,0
683,0,0,0,0,0,0,0,0,0,0,0,0,0,0,0,0,200,0,0,0
684,0,0,0,0,0,0,0,0,0,0,0,0,0,0,0,0,0,0,0,200
685,0,0,0,0,0,0,0,0,0,0,0,0,0,0,0,0,0,200,0,0
686,0,0,0,0,0,0,0,200,0,0,0,0,0,0,0,0,0,0,0,0
687,0,0,0,0,0,0,0,0,0,198,0,0,0,0,0,0,1,0,0,1
688,0,0,0,0,0,0,0,0,0,0,0,200,0,0,0,0,0,0,0,0
689,0,0,0,0,0,200,0,0,0,0,0,0,0,0,0,0,0,0,0,0
690,0,0,0,0,0,0,0,0,0,0,200,0,0,0,0,0,0,0,0,0
691,0,4,0,0,0,196,0,0,0,0,0,0,0,0,0,0,0,0,0,0
692,129,0,0,0,0,0,0,0,0,0,0,0,0,0,0,0,71,0,0,0
693,0,199,0,0,0,0,0,0,0,0,0,1,0,0,0,0,0,0,0,0
694,0,0,0,0,0,0,0,0,0,5,1,0,0,0,0,0,0,0,0,194
695,0,0,0,0,0,0,0,0,0,0,198,0,1,0,0,0,0,0,0,1
696,199,0,0,0,0,0,0,0,0,0,0,0,0,0,0,1,0,0,0,0
697,0,0,0,0,0,0,0,0,0,149,37,0,4,0,0,0,0,0,0,10
698,0,0,0,0,0,0,200,0,0,0,0,0,0,0,0,0,0,0,0,0
699,0,199,0,0,0,0,0,0,0,0,0,0,0,0,0,1,0,0,0,0
700,0,0,0,0,1,0,0,0,0,0,0,0,0,3,0,0,0,0,196,0
701,0,0,0,0,0,1,0,0,0,0,199,0,0,0,0,0,0,0,0,0
702,0,18,0,0,0,39,3,1,0,0,0,135,0,0,0,1,3,0,0,0
703,0,0,0,200,0,0,0,0,0,0,0,0,0,0,0,0,0,0,0,0
704,0,0,0,0,0,200,0,0,0,0,0,0,0,0,0,0,0,0,0,0
705,0,5,0,0,0,195,0,0,0,0,0,0,0,0,0,0,0,0,0,0
706,0,1,0,0,0,0,0,0,0,0,194,0,0,5,0,0,0,0,0,0
707,0,0,0,0,0,0,0,0,0,0,200,0,0,0,0,0,0,0,0,0
708,0,0,0,0,0,0,0,200,0,0,0,0,0,0,0,0,0,0,0,0
709,0,0,0,0,0,0,0,0,0,94,86,0,19,1,0,0,0,0,0,0
710,0,0,0,0,0,0,0,0,0,0,0,0,0,0,0,0,0,200,0,0
711,0,0,0,0,0,0,0,200,0,0,0,0,0,0,0,0,0,0,0,0
712,0,0,0,0,200,0,0,0,0,0,0,0,0,0,0,0,0,0,0,0
713,0,0,0,0,0,0,0,0,0,0,0,0,0,0,0,200,0,0,0,0
714,2,0,0,0,0,0,0,197,0,0,0,0,0,0,0,1,0,0,0,0
715,0,4,0,0,0,0,0,0,0,0,0,196,0,0,0,0,0,0,0,0
716,0,2,0,0,0,0,0,0,3,10,182,0,0,1,0,0,0,0,0,2
717,0,0,0,0,0,0,0,0,0,196,0,0,0,0,0,0,0,0,0,4
718,0,0,0,0,200,0,0,0,0,0,0,0,0,0,0,0,0,0,0,0
719,1,0,1,0,0,0,0,0,0,0,0,0,0,0,6,0,192,0,0,0
720,0,0,0,0,0,0,0,0,0,0,0,0,0,0,0,0,200,0,0,0
721,91,0,76,6,0,0,0,0,0,0,0,0,0,0,1,9,17,0,0,0
722,0,0,0,0,0,0,0,0,0,0,2,0,0,0,0,0,0,0,0,198
723,2,3,0,0,0,0,0,0,2,0,2,2,0,1,183,4,0,0,1,0
724,0,0,0,0,0,0,0,0,0,0,0,0,0,0,0,0,0,200,0,0
725,0,0,197,0,0,0,3,0,0,0,0,0,0,0,0,0,0,0,0,0
726,13,1,10,5,0,2,1,2,0,6,4,1,0,1,1,139,11,0,1,2
727,0,0,1,0,0,0,1,0,0,0,0,1,0,0,0,187,10,0,0,0
728,0,0,0,0,0,0,0,0,0,0,0,0,0,0,0,0,0,200,0,0
729,0,0,1,0,0,0,0,0,0,0,0,0,0,0,0,198,1,0,0,0
730,0,0,2,0,0,0,0,0,0,0,0,1,0,0,0,0,0,0,0,0
731,0,0,194,4,0,0,0,0,0,0,0,0,0,0,0,2,0,0,0,0
732,0,27,0,0,0,0,0,0,0,1,0,172,0,0,0,0,0,0,0,0
733,0,0,6,0,0,0,0,0,0,0,0,0,0,0,2,153,39,0,0,0
734,0,4,0,0,0,61,24,2,13,5,26,25,0,2,0,0,2,0,31,4
735,20,4,16,32,0,3,44,10,0,2,1,9,0,0,1,11,46,0,0,1
736,5,0,3,106,0,5,67,0,0,0,0,1,0,0,0,2,2,0,9,0
737,0,0,0,0,0,0,0,0,0,200,0,0,0,0,0,0,0,0,0,0
738,0,0,0,0,0,0,0,0,0,0,0,0,0,0,0,0,0,200,0,0
739,0,0,0,0,0,0,0,1,0,0,0,0,0,0,0,0,0,0,0,0
740,0,1,35,95,0,4,30,25,2,0,0,6,0,0,0,1,0,0,0,0
741,0,0,194,0,0,0,0,0,1,0,0,3,0,0,0,1,1,0,0,0
742,0,0,0,0,0,0,0,0,0,0,11,0,185,1,0,0,3,0,0,0
743,0,0,0,0,0,0,0,0,0,0,0,0,0,0,0,0,200,0,0,0
744,0,0,0,0,0,0,0,0,0,0,0,0,0,0,0,0,0,200,0,0
745,0,0,0,0,0,0,0,0,0,3,0,0,195,0,0,0,1,0,0,1
746,0,0,0,2,0,184,14,0,0,0,0,0,0,0,0,0,0,0,0,0
747,0,0,0,0,0,0,0,0,0,0,0,0,0,0,0,0,0,200,0,0
748,0,0,0,173,0,0,27,0,0,0,0,0,0,0,0,0,0,0,0,0
749,0,142,0,0,0,0,0,0,0,0,0,55,1,0,0,0,2,0,0,0
750,0,0,0,0,0,0,200,0,0,0,0,0,0,0,0,0,0,0,0,0
751,0,0,0,0,0,0,0,0,0,185,0,0,0,0,0,0,0,0,0,15
752,0,2,53,25,0,0,0,2,0,1,0,1,0,0,0,114,2,0,0,0
753,0,0,198,0,0,0,0,0,0,0,0,2,0,0,0,0,0,0,0,0
754,0,0,0,0,0,0,0,0,4,0,0,0,0,2,0,0,0,0,194,0
755,0,0,0,0,0,0,0,0,0,0,0,0,0,0,0,13,187,0,0,0
756,2,0,63,52,0,3,13,32,5,0,0,3,0,2,0,14,3,0,6,2
757,2,0,0,0,0,0,3,0,0,41,0,2,1,0,0,0,149,0,0,2
758,0,0,0,0,0,0,0,0,0,200,0,0,0,0,0,0,0,0,0,0
759,0,0,0,0,0,0,0,0,0,0,0,0,0,3,0,0,0,0,197,0
760,1,95,13,5,0,15,8,4,1,0,0,33,0,0,0,11,10,4,0,0
761,0,0,0,0,0,0,0,0,0,0,199,0,1,0,0,0,0,0,0,0
762,0,0,0,0,0,0,0,0,0,1,199,0,0,0,0,0,0,0,0,0
763,2,0,0,0,0,0,192,3,0,0,0,1,0,0,0,0,2,0,0,0
764,1,0,3,74,0,1,83,1,0,9,1,11,0,0,0,0,2,0,0,14
765,4,0,0,0,0,0,0,0,0,0,0,0,0,0,0,196,0,0,0,0
766,0,0,0,0,0,192,0,0,7,0,0,0,0,0,0,1,0,0,0,0
767,0,2,104,2,0,0,0,2,0,31,0,3,1,0,0,23,27,0,1,4
768,0,1,0,0,0,199,0,0,0,0,0,0,0,0,0,0,0,0,0,0
769,0,0,0,0,0,200,0,0,0,0,0,0,0,0,0,0,0,0,0,0
770,0,0,0,3,0,0,197,0,0,0,0,0,0,0,0,0,0,0,0,0
771,0,22,12,0,0,42,9,0,1,5,0,107,0,0,0,1,1,0,0,0
772,0,0,200,0,0,0,0,0,0,0,0,0,0,0,0,0,0,0,0,0
773,0,0,0,0,0,0,200,0,0,0,0,0,0,0,0,0,0,0,0,0
774,0,4,3,0,0,20,2,0,0,0,0,171,0,0,0,0,0,0,0,0
775,0,0,2,174,0,0,23,0,0,0,0,1,0,0,0,0,0,0,0,0
776,0,0,0,0,0,0,0,0,0,0,200,0,0,0,0,0,0,0,0,0
777,0,0,0,0,0,0,0,0,0,0,200,0,0,0,0,0,0,0,0,0
778,178,0,0,0,0,0,20,0,0,0,0,0,0,0,0,2,0,0,0,0
779,0,0,0,0,0,0,0,0,0,0,199,0,0,0,0,0,0,1,0,0
780,0,0,9,184,0,0,2,3,0,0,0,0,0,0,0,2,0,0,0,0
781,0,8,4,0,0,1,0,0,0,0,0,57,0,0,0,130,0,0,0,0
782,0,0,0,0,0,0,0,0,0,0,0,0,0,0,0,0,0,200,0,0
783,4,0,77,9,0,37,5,4,0,0,0,60,0,0,0,4,0,0,0,0
784,0,0,141,5,0,0,0,0,1,0,0,0,0,1,0,49,3,0,0,0
785,0,0,0,0,0,0,0,0,0,0,200,0,0,0,0,0,0,0,0,0
786,0,0,0,0,0,0,0,0,0,0,0,0,0,0,0,0,0,200,0,0
787,0,0,128,3,0,0,0,0,0,0,0,0,0,0,0,57,12,0,0,0
788,0,0,0,0,0,0,0,0,0,0,0,0,0,0,0,0,0,200,0,0
789,0,0,0,0,0,0,0,0,0,0,0,0,0,199,0,1,0,0,0,0
790,3,0,41,90,0,0,0,10,0,0,0,1,0,0,0,54,0,0,1,0
791,0,0,0,0,0,0,0,0,0,198,1,0,1,0,0,0,0,0,0,0
792,1,0,0,0,0,0,0,0,0,0,0,0,0,0,0,66,132,0,0,1
793,0,8,111,0,0,3,1,0,5,0,0,68,0,0,0,4,0,0,0,0
794,0,0,0,0,0,0,0,0,0,0,0,0,0,0,0,0,0,200,0,0
795,0,0,0,0,0,0,0,0,0,0,200,0,0,0,0,0,0,0,0,0
796,0,0,0,0,0,0,0,1,0,0,0,0,0,0,0,0,0,199,0,0
797,0,0,0,1,0,0,0,0,0,0,0,0,0,0,0,0,0,0,199,0
798,0,0,0,0,0,0,0,0,0,197,0,0,0,0,0,0,1,0,0,2
799,0,44,0,0,0,1,0,0,0,0,0,155,0,0,0,0,0,0,0,0
800,0,0,0,0,0,0,0,0,0,189,10,0,1,0,0,0,0,0,0,0
801,0,0,0,0,0,0,0,0,0,0,0,0,0,200,0,0,0,0,0,0
802,0,0,0,0,0,0,0,0,0,198,0,0,0,0,0,0,0,0,0,2
803,0,0,0,0,0,0,0,0,0,20,0,0,180,0,0,0,0,0,0,0
804,0,0,0,0,0,0,0,0,0,191,1,0,0,0,0,0,0,0,0,8
805,0,0,0,0,0,0,0,0,0,12,0,0,0,0,0,0,0,0,0,188
806,0,0,0,0,0,0,0,200,0,0,0,0,0,0,0,0,0,0,0,0
807,0,0,0,0,0,0,0,197,0,0,0,0,0,0,0,3,0,0,0,0
808,0,0,0,0,0,0,0,0,0,0,200,0,0,0,0,0,0,0,0,0
809,0,0,0,0,0,0,0,0,0,198,0,0,0,0,0,0,0,0,0,2
810,0,0,0,0,0,0,0,199,0,0,0,0,0,0,0,0,0,0,0,1
811,0,0,0,0,0,0,0,0,0,1,199,0,0,0,0,0,0,0,0,0
812,0,198,0,0,0,0,0,0,0,0,0,2,0,0,0,0,0,0,0,0
813,0,0,0,0,0,0,0,0,0,200,0,0,0,0,0,0,0,0,0,0
814,0,0,0,0,0,0,0,0,0,184,0,0,0,0,0,0,1,0,0,15
815,0,0,0,0,3,0,0,0,0,0,14,0,0,182,0,0,0,0,0,1
816,157,0,0,0,2,0,0,29,0,1,0,0,0,0,0,3,7,0,0,1
817,0,0,0,0,0,0,0,0,0,5,0,0,4,0,0,0,0,0,0,191
818,0,0,0,0,0,0,0,0,0,9,187,0,0,4,0,0,0,0,0,0
819,6,0,0,0,0,0,0,0,0,0,0,0,0,0,0,192,2,0,0,0
820,0,0,0,0,0,0,0,0,0,178,9,0,2,0,0,0,0,0,0,11
821,0,0,0,0,0,0,0,0,0,11,0,0,2,0,0,0,0,0,0,187
822,0,6,163,0,0,0,0,0,0,0,0,31,0,0,0,0,0,0,0,0
823,0,198,0,0,0,0,0,0,0,0,0,2,0,0,0,0,0,0,0,0
824,1,0,0,0,0,0,0,0,0,1,0,0,0,0,0,0,0,0,0,198
825,0,200,0,0,0,0,0,0,0,0,0,0,0,0,0,0,0,0,0,0
826,0,0,0,0,0,197,1,0,0,0,0,2,0,0,0,0,0,0,0,0
827,0,0,0,0,0,0,0,200,0,0,0,0,0,0,0,0,0,0,0,0
828,0,0,0,0,0,0,0,0,0,0,0,0,0,0,0,0,0,0,200,0
829,0,0,0,0,0,0,0,0,0,0,1,0,0,0,0,199,0,0,0,0
830,0,0,0,0,0,0,0,0,0,0,0,0,0,0,200,0,0,0,0,0
831,0,0,0,0,0,0,0,0,0,0,200,0,0,0,0,0,0,0,0,0
832,0,0,0,0,0,0,0,0,0,0,0,0,0,0,1,199,0,0,0,0
833,0,0,0,0,0,0,0,0,0,0,19,0,0,181,0,0,0,0,0,0
834,0,0,0,0,0,200,0,0,0,0,0,0,0,0,0,0,0,0,0,0
835,1,0,0,0,0,0,0,0,0,1,0,0,0,0,0,0,198,0,0,0
836,0,0,0,0,0,0,0,0,1,0,195,0,0,0,4,0,0,0,0,0
837,3,0,2,0,0,0,0,0,0,81,6,0,0,2,2,1,101,0,0,2
838,0,0,0,0,0,2,0,0,0,0,0,0,0,0,198,0,0,0,0,0
839,0,0,0,0,0,0,0,0,0,0,0,0,0,0,0,0,0,0,0,0
840,6,1,136,1,0,1,0,0,4,1,0,1,0,0,0,30,19,0,0,0
841,0,0,0,0,0,21,0,1,0,0,2,0,0,0,163,12,1,0,0,0
842,0,188,0,0,0,0,0,9,0,0,0,1,0,0,1,0,1,0,0,0
843,0,1,0,0,0,0,55,144,0,0,0,0,0,0,0,0,0,0,0,0
844,0,1,0,0,0,2,0,1,0,0,0,0,0,0,1,0,0,0,0,0
845,1,0,0,0,0,0,0,0,0,0,55,0,0,0,143,0,1,0,0,0
846,0,0,0,196,0,0,0,4,0,0,0,0,0,0,0,0,0,0,0,0
847,0,198,0,0,0,0,0,1,0,0,0,1,0,0,0,0,0,0,0,0
848,0,1,0,0,0,0,0,0,0,0,154,0,0,1,44,0,0,0,0,0
849,0,11,0,0,0,0,26,163,0,0,0,0,0,0,0,0,0,0,0,0
850,0,119,0,0,0,0,6,73,0,0,0,2,0,0,0,0,0,0,0,0
851,0,0,0,0,0,0,0,0,0,195,0,0,0,0,0,0,5,0,0,0
852,0,0,0,2,0,0,196,0,0,0,0,2,0,0,0,0,0,0,0,0
853,0,0,0,0,0,0,197,2,0,0,0,1,0,0,0,0,0,0,0,0
854,0,0,0,2,0,0,186,12,0,0,0,0,0,0,0,0,0,0,0,0
855,0,0,0,2,0,0,0,198,0,0,0,0,0,0,0,0,0,0,0,0
856,0,0,0,0,0,0,0,200,0,0,0,0,0,0,0,0,0,0,0,0
857,0,0,0,0,0,0,198,2,0,0,0,0,0,0,0,0,0,0,0,0
858,0,2,0,0,0,191,0,0,0,0,1,2,0,0,4,0,0,0,0,0
859,0,0,3,184,0,0,0,13,0,0,0,0,0,0,0,0,0,0,0,0
860,0,129,4,0,0,0,0,0,0,0,0,63,0,0,0,4,0,0,0,0
861,2,0,22,138,0,0,2,19,0,0,0,0,0,0,0,12,3,0,1,1
862,0,182,0,0,0,0,0,0,0,0,0,11,0,0,0,3,4,0,0,0
863,0,0,0,0,0,0,0,0,0,0,0,0,0,0,0,199,0,0,1,0
864,1,1,0,0,0,0,0,0,0,123,0,0,0,0,0,0,9,0,0,66
865,0,200,0,0,0,0,0,0,0,0,0,0,0,0,0,0,0,0,0,0
866,0,0,0,0,0,0,0,0,0,0,199,0,0,1,0,0,0,0,0,0
867,3,0,0,0,0,0,0,0,0,0,2,0,0,0,0,0,0,0,0,195
868,0,0,84,1,0,2,0,0,1,0,0,0,0,0,0,104,8,0,0,0
869,0,0,0,0,0,0,0,200,0,0,0,0,0,0,0,0,0,0,0,0
870,0,0,0,0,0,0,0,0,0,0,5,0,0,194,0,1,0,0,0,0
871,0,0,0,0,0,0,0,0,0,0,193,0,0,6,0,0,0,1,0,0
872,144,0,0,0,0,0,0,0,0,0,0,0,0,0,20,27,9,0,0,0
873,0,0,0,0,0,0,0,0,0,15,181,0,0,0,0,1,0,0,0,3
874,150,0,0,0,0,0,0,0,0,10,0,0,0,16,0,0,0,0,0,24
875,0,0,0,0,0,0,0,0,0,0,0,0,0,0,0,0,0,200,0,0
876,0,0,1,180,0,0,18,0,0,0,0,0,0,0,0,0,0,0,0,1
877,0,0,0,200,0,0,0,0,0,0,0,0,0,0,0,0,0,0,0,0
878,0,0,0,0,0,0,0,0,0,1,197,0,0,1,0,0,0,0,0,1
879,0,199,0,0,0,0,0,0,0,0,0,0,0,0,0,0,0,1,0,0
880,0,0,24,0,0,0,0,1,0,0,0,0,0,0,0,175,0,0,0,0
881,0,0,0,0,0,0,0,0,0,0,200,0,0,0,0,0,0,0,0,0
882,0,0,0,0,195,0,0,0,0,0,0,0,0,1,0,2,0,0,1,1
883,0,2,0,0,0,0,0,0,0,6,192,0,0,0,0,0,0,0,0,0
884,0,0,0,0,1,0,0,0,0,0,1,0,0,197,0,1,0,0,0,0
885,0,0,0,0,21,0,0,0,0,2,7,0,0,4,0,166,0,0,0,0
886,0,0,0,0,0,0,0,0,0,0,0,0,0,0,0,0,0,0,200,0
887,0,12,0,0,0,0,0,0,188,0,0,0,0,0,0,0,0,0,0,0
888,0,114,0,0,0,64,0,0,9,0,13,0,0,0,0,0,0,0,0,0
889,0,0,0,0,0,0,0,0,0,0,200,0,0,0,0,0,0,0,0,0
890,0,192,0,0,0,0,0,0,0,0,0,3,0,0,0,0,5,0,0,0
891,0,0,15,184,0,0,0,0,0,0,0,0,0,0,0,0,1,0,0,0
892,0,0,0,0,10,0,0,0,0,0,24,0,0,165,0,1,0,0,0,0
893,2,0,0,0,0,0,0,0,0,163,18,0,1,0,0,0,8,0,0,8
894,0,0,0,0,0,0,0,0,0,0,187,0,0,0,0,12,0,1,0,0
895,0,0,0,0,0,0,1,2,0,136,2,0,0,0,0,0,2,0,0,57
896,83,0,0,0,0,0,0,0,0,8,0,0,0,0,0,0,42,0,0,66
897,146,0,0,0,0,0,0,0,0,0,0,0,0,0,0,0,25,0,0,27
898,0,198,0,0,0,0,0,0,0,0,0,0,0,0,0,0,0,0,0,0
899,133,0,0,0,0,0,0,3,0,2,0,0,0,0,0,0,21,0,0,39
900,29,0,0,0,0,0,0,1,0,2,6,0,0,0,0,0,1,0,0,160
901,2,0,0,0,0,5,184,5,0,0,0,2,0,0,0,1,0,0,0,0
902,0,3,0,0,0,0,0,0,1,11,178,0,0,0,0,0,2,0,0,2
903,0,0,0,0,0,0,0,0,0,0,199,0,0,0,0,0,0,0,0,0
904,1,1,0,0,0,0,1,194,0,0,0,0,0,0,0,0,0,0,0,0
905,0,150,1,0,0,2,0,0,26,0,1,0,0,0,0,3,0,0,0,0
906,0,0,10,0,0,0,0,0,0,1,0,0,0,0,0,155,0,0,0,0
907,0,0,0,0,1,0,0,0,0,4,0,0,0,0,0,160,1,0,0,0
908,0,0,0,0,0,0,0,0,0,0,164,0,0,1,0,1,0,0,1,0
909,0,115,0,0,0,2,1,1,0,0,1,42,0,0,0,0,2,2,0,0
910,0,0,0,0,0,0,0,165,0,0,0,0,0,0,0,1,0,0,0,0
911,0,0,0,0,0,0,0,0,0,10,160,0,0,0,0,0,0,0,0,0
912,0,3,0,0,0,178,0,0,1,0,0,0,0,0,0,0,0,0,0,0
913,3,165,1,0,0,1,0,1,0,1,0,21,0,0,0,2,3,1,0,0
914,0,0,0,0,0,0,0,196,0,0,0,0,0,0,0,1,0,0,0,2
915,0,1,0,0,0,0,0,0,0,0,0,0,0,0,0,0,0,198,0,0
916,0,0,0,0,0,1,191,1,0,0,0,2,0,0,0,0,5,0,0,0
917,135,0,0,0,0,0,0,0,0,32,0,0,0,0,0,2,20,0,0,11
918,0,0,0,0,0,0,0,0,0,0,200,0,0,0,0,0,0,0,0,0
919,0,3,0,0,0,0,0,0,0,0,0,197,0,0,0,0,0,0,0,0
920,0,0,0,0,0,0,0,0,0,0,1,0,0,1,0,0,0,1,196,1
921,0,0,0,0,0,0,0,0,0,0,199,0,0,0,0,0,1,0,0,0
922,0,4,0,0,0,0,0,192,0,0,0,4,0,0,0,0,0,0,0,0
923,1,0,61,0,0,0,0,8,0,0,0,0,0,0,0,130,0,0,0,0
924,0,1,0,0,1,0,0,0,0,10,183,0,0,3,0,0,0,0,0,2
925,7,0,0,0,0,0,0,9,0,12,5,0,2,0,0,0,0,0,0,165
926,0,1,0,0,0,187,0,0,0,0,12,0,0,0,0,0,0,0,0,0
927,0,0,0,0,1,1,0,0,0,0,0,0,0,0,0,0,0,0,198,0
928,0,0,0,0,0,0,0,6,0,0,0,0,0,0,0,0,0,194,0,0
929,1,0,0,0,3,0,0,192,0,0,0,0,0,0,0,2,0,0,0,2
930,1,1,0,0,0,11,1,2,0,1,178,0,0,0,0,2,1,0,0,2
931,0,0,0,0,0,0,200,0,0,0,0,0,0,0,0,0,0,0,0,0
932,0,0,0,0,0,1,0,0,0,16,182,0,0,0,0,0,0,0,0,1
933,0,3,0,0,0,1,0,0,0,0,0,196,0,0,0,0,0,0,0,0
934,0,24,0,0,0,3,1,7,0,0,0,165,0,0,0,0,0,0,0,0
935,2,2,1,0,0,0,0,0,0,0,0,0,0,0,0,194,0,0,1,0
936,197,0,0,0,0,0,0,0,0,0,0,0,0,0,0,0,2,0,0,1
937,0,0,0,0,0,0,0,0,0,175,1,0,0,0,0,0,7,0,0,17
938,0,5,44,1,0,0,0,1,0,0,0,2,0,0,0,146,1,0,0,0
939,0,0,0,0,0,0,0,0,0,0,199,0,0,0,0,0,0,0,0,1
940,0,0,0,0,0,0,0,0,0,8,151,0,0,35,0,0,0,0,2,4
941,0,0,9,191,0,0,0,0,0,0,0,0,0,0,0,0,0,0,0,0
942,13,1,1,0,0,0,0,0,1,2,0,0,0,2,0,4,174,0,0,2
943,0,0,0,0,0,0,0,0,0,142,17,0,0,1,0,1,26,0,0,13
944,199,0,0,0,0,0,0,0,0,0,0,0,0,0,0,0,1,0,0,0
945,0,0,0,0,0,0,0,0,0,195,0,0,1,0,0,0,1,0,0,3
946,147,2,0,0,0,2,0,0,0,1,0,0,0,0,0,2,28,0,0,18
947,0,0,0,0,0,0,0,0,0,1,0,0,0,0,0,0,3,0,0,196
948,191,0,0,0,0,0,0,6,0,0,0,0,0,0,0,0,1,0,0,2
949,1,0,0,1,0,0,195,3,0,0,0,0,0,0,0,0,0,0,0,0
950,1,3,0,0,0,0,0,194,0,0,0,1,0,0,0,1,0,0,0,0
951,0,0,0,0,0,0,0,0,0,0,0,1,0,0,0,1,198,0,0,0
952,0,0,1,198,0,0,0,1,0,0,0,0,0,0,0,0,0,0,0,0
953,0,200,0,0,0,0,0,0,0,0,0,0,0,0,0,0,0,0,0,0
954,0,0,0,0,0,0,0,0,0,191,1,0,0,0,0,0,1,0,0,7
955,0,0,0,0,0,0,0,0,0,176,22,0,0,1,0,0,0,0,0,1
956,2,2,2,6,0,2,179,4,0,1,0,2,0,0,0,0,0,0,0,0
957,7,0,0,0,0,0,0,1,0,26,80,0,0,25,0,2,0,0,3,56
958,12,0,0,0,0,0,0,2,0,99,38,0,0,2,0,0,1,0,0,46
959,0,3,0,0,0,184,0,1,0,0,12,0,0,0,0,0,0,0,0,0
960,5,158,7,0,0,0,0,24,0,2,0,0,0,0,0,2,1,0,0,1
961,1,0,0,0,0,0,0,1,0,154,12,0,0,19,0,3,3,0,0,6
962,0,0,0,0,136,0,0,38,0,0,2,0,0,8,0,1,0,10,4,0
963,0,194,0,0,0,0,0,4,0,0,0,0,0,0,0,0,0,0,0,0
964,174,1,1,0,0,0,0,19,0,2,0,0,0,0,0,0,0,0,0,1
965,0,1,0,0,0,1,1,0,0,188,2,0,0,3,0,0,0,0,0,2
966,0,75,0,0,31,1,1,2,5,4,43,0,0,3,0,1,0,3,26,0
967,0,1,161,0,0,1,0,0,21,0,2,0,0,0,0,4,0,0,4,0
968,0,1,0,0,0,0,0,0,0,145,21,0,0,0,0,0,6,0,0,21
969,0,0,0,0,0,0,1,0,1,0,0,0,0,0,191,1,0,0,0,0
970,1,129,3,0,0,0,0,0,0,6,0,0,0,0,0,0,49,0,0,5
971,0,194,0,0,0,0,0,0,0,0,0,0,0,0,0,0,0,0,0,0
972,0,0,0,0,0,0,0,0,0,176,9,0,0,0,0,0,1,0,0,8
973,0,195,0,0,0,0,0,0,0,0,0,0,0,0,0,0,0,0,0,0
974,0,2,0,0,0,195,0,0,0,0,0,0,0,0,0,0,0,0,0,0
975,0,0,1,1,0,0,0,196,0,0,0,0,0,0,0,0,0,0,0,0
976,6,0,0,0,2,0,0,0,0,2,18,0,0,167,0,0,2,0,0,1
977,0,0,0,0,0,0,197,1,0,0,0,0,0,0,0,0,0,0,0,0
978,161,1,0,0,0,0,0,0,0,8,0,0,0,0,0,2,22,0,0,4
979,185,0,1,0,0,0,0,0,0,0,0,0,0,0,0,4,6,0,0,2
980,0,0,0,0,0,0,0,0,0,0,197,0,0,1,0,0,0,0,0,0
981,0,0,0,0,0,72,0,0,0,2,122,0,0,0,0,0,0,0,0,2
982,0,0,0,0,0,0,0,0,0,0,0,0,0,0,0,0,0,0,0,0
983,0,0,0,0,0,0,0,0,0,0,0,0,0,0,0,0,0,0,0,0
